,total_runtime_in_seconds,connect_size,rates,num_positions,buffer_size,T2,decoherence_rate,include_classical_comm,mean_fidelity,mean_capacity,std_fidelity,std_capacity
0,9.999999999999999e-05,2.0,"[1000000, 1000000, 1000000, 1000000, 1000000]",100.0,1.0,0.0,0.0,0.0,0.9999999999999999,2234666.6666666665,0.0,19204.937636702423
1,9.999999999999999e-05,2.0,"[1000000, 1000000, 1000000, 1000000, 1000000]",100.0,3.0,0.0,0.0,0.0,0.9999999999999998,2506000.0,1.3343220141622404e-17,18151.21667180101
2,9.999999999999999e-05,2.0,"[1000000, 1000000, 1000000, 1000000, 1000000]",100.0,5.0,0.0,0.0,0.0,0.9999999999999998,2480666.6666666665,1.570092458683775e-17,20639.408547368446
