,total_runtime_in_seconds,connect_size,rates,num_positions,buffer_size,T2,decoherence_rate,include_classical_comm,mean_fidelity,mean_capacity,std_fidelity,std_capacity
0,9.999999999999999e-05,2.0,"[1000000, 1000000, 1000000, 1000000, 1000000]",100.0,inf,0.0,0.0,0.0,0.9999999999999998,2476000.0,2.7194799110210366e-17,39603.03018709553
1,9.999999999999999e-05,3.0,"[1000000, 1000000, 1000000, 1000000, 1000000]",100.0,inf,0.0,0.0,0.0,0.9999999999999998,1632000.0000000002,0.0,18482.424083436672
2,9.999999999999999e-05,4.0,"[1000000, 1000000, 1000000, 1000000, 1000000]",100.0,inf,0.0,0.0,0.0,0.9999999999999998,1202000.0,3.3306690738754695e-17,20966.640169564616
