,total_runtime_in_seconds,connect_size,rates,num_positions,buffer_size,T2,decoherence_rate,include_classical_comm,mean_fidelity,mean_capacity,std_fidelity,std_capacity
0,9.999999999999999e-05,2.0,"[1900000.0, 1900000.0, 1900000.0, 1000000.0, 1000000.0, 1000000.0, 1000000.0, 1000000.0, 1000000.0]",100.0,inf,1e-07,0.0,0.0,0.6384033652935784,5873333.333333335,0.016289566353748952,31387.6597596123
1,9.999999999999999e-05,2.0,"[1900000.0, 1900000.0, 1900000.0, 1000000.0, 1000000.0, 1000000.0, 1000000.0, 1000000.0, 1000000.0]",100.0,inf,4.9999999999999996e-06,0.0,0.0,0.9823905820023997,5866666.666666668,0.00197971585096787,55843.697213906955
2,9.999999999999999e-05,2.0,"[1900000.0, 1900000.0, 1900000.0, 1000000.0, 1000000.0, 1000000.0, 1000000.0, 1000000.0, 1000000.0]",100.0,inf,1e-05,0.0,0.0,0.9886144872750965,5863333.333333335,0.0017200059161455756,47687.25274194431
