,total_runtime_in_seconds,connect_size,rates,num_positions,buffer_size,T2,decoherence_rate,include_classical_comm,mean_fidelity,mean_capacity,std_fidelity,std_capacity
0,9.999999999999999e-05,2.0,"[1000000, 1000000, 1000000, 1000000, 1000000]",100.0,1.0,0.0,0.0,0.0,0.9999999999999999,2203333.3333333335,0.0,16250.356121453886
1,9.999999999999999e-05,2.0,"[1000000, 1000000, 1000000, 1000000, 1000000]",100.0,3.0,0.0,0.0,0.0,0.9999999999999998,2475333.3333333335,1.5258555995074124e-17,20225.030330060137
2,9.999999999999999e-05,2.0,"[1000000, 1000000, 1000000, 1000000, 1000000]",100.0,5.0,0.0,0.0,0.0,0.9999999999999998,2519666.6666666665,1.2819751242557092e-17,19444.98411949487
