,total_runtime_in_seconds,connect_size,rates,num_positions,buffer_size,T2,decoherence_rate,include_classical_comm,mean_fidelity,mean_capacity,std_fidelity,std_capacity
0,9.999999999999999e-05,2.0,"[1000000, 1000000, 1000000, 1000000, 1000000]",100.0,inf,0.0,0.0,0.0,0.9999999999999998,2531000.0,1.9229626863835636e-17,44168.99364939168
1,9.999999999999999e-05,3.0,"[1000000, 1000000, 1000000, 1000000, 1000000]",100.0,inf,0.0,0.0,0.0,0.9999999999999998,1680000.0000000005,2.220446049250313e-17,18220.867158288595
2,9.999999999999999e-05,4.0,"[1000000, 1000000, 1000000, 1000000, 1000000]",100.0,inf,0.0,0.0,0.0,0.9999999999999998,1248000.0,2.937374022976103e-17,20532.900428336976
